Order ID,Order Date,Month,City,Region,Category,Product,Quantity,Unit Price,Discount %,Sales,Profit,Payment Mode,Customer Segment
ORD-0001,2025-11-24,Nov-2025,Pune,West,Electronics,Laptop Stand,4,1246.0,0,4984.0,897.12,UPI,Home Office
ORD-0002,2025-10-07,Oct-2025,Pune,West,Furniture,Study Table,2,6472.0,0,12944.0,1941.6,Net Banking,Home Office
ORD-0003,2025-01-14,Jan-2025,Kolkata,East,Electronics,USB-C Cable,4,309.0,0.05,1174.2,211.36,Cash,Home Office
ORD-0004,2025-05-23,May-2025,Nagpur,West,Accessories,Water Bottle,5,360.0,0,1800.0,450.0,Credit Card,Consumer
ORD-0005,2025-06-22,Jun-2025,Pune,West,Electronics,Wireless Mouse,2,781.0,0,1562.0,281.16,Debit Card,Consumer
ORD-0006,2025-08-24,Aug-2025,Kolkata,East,Electronics,Wireless Mouse,8,783.0,0.05,5950.8,1071.14,Net Banking,Corporate
ORD-0007,2025-10-23,Oct-2025,Hyderabad,South,Accessories,Backpack,1,1230.0,0.1,1107.0,276.75,UPI,Consumer
ORD-0008,2025-02-21,Feb-2025,Delhi,North,Office Supplies,Notebook Pack,2,262.0,0,524.0,115.28,Debit Card,Consumer
ORD-0009,2025-12-10,Dec-2025,Bengaluru,South,Accessories,Backpack,7,1227.0,0.05,8159.55,2039.89,Credit Card,Home Office
ORD-0010,2025-05-06,May-2025,Mumbai,West,Office Supplies,Printer Paper,2,430.0,0.05,817.0,179.74,Net Banking,Consumer
ORD-0011,2025-12-17,Dec-2025,Chennai,South,Accessories,Laptop Sleeve,4,649.0,0.1,2336.4,584.1,Debit Card,Corporate
ORD-0012,2025-05-18,May-2025,Pune,West,Electronics,USB-C Cable,6,302.0,0.1,1630.8,293.54,Credit Card,Home Office
ORD-0013,2025-09-13,Sep-2025,Delhi,North,Accessories,Desk Lamp,6,893.0,0,5358.0,1339.5,Credit Card,Home Office
ORD-0014,2025-10-15,Oct-2025,Kolkata,East,Office Supplies,Notebook Pack,4,246.0,0.05,934.8,205.66,Debit Card,Consumer
ORD-0015,2025-03-12,Mar-2025,Kolkata,East,Office Supplies,Printer Paper,1,370.0,0,370.0,81.4,Credit Card,Home Office
ORD-0016,2025-08-05,Aug-2025,Bhopal,Central,Electronics,Wireless Mouse,2,811.0,0.05,1540.9,277.36,Debit Card,Home Office
ORD-0017,2025-01-06,Jan-2025,Pune,West,Furniture,Bookshelf,6,3639.0,0.1,19650.6,2947.59,Debit Card,Consumer
ORD-0018,2025-05-31,May-2025,Delhi,North,Electronics,Bluetooth Speaker,2,1608.0,0.15,2733.6,492.05,Debit Card,Home Office
ORD-0019,2025-04-02,Apr-2025,Kolkata,East,Accessories,Desk Lamp,1,917.0,0.15,779.45,194.86,Net Banking,Home Office
ORD-0020,2025-04-12,Apr-2025,Mumbai,West,Office Supplies,Desk Organizer,4,703.0,0.1,2530.8,556.78,Net Banking,Consumer
ORD-0021,2025-11-03,Nov-2025,Chennai,South,Office Supplies,Printer Paper,1,426.0,0.15,362.1,79.66,Debit Card,Consumer
ORD-0022,2025-01-30,Jan-2025,Hyderabad,South,Accessories,Desk Lamp,3,838.0,0.1,2262.6,565.65,UPI,Home Office
ORD-0023,2025-03-06,Mar-2025,Mumbai,West,Furniture,Bookshelf,3,3527.0,0,10581.0,1587.15,Net Banking,Corporate
ORD-0024,2025-04-19,Apr-2025,Kolkata,East,Accessories,Water Bottle,4,332.0,0,1328.0,332.0,Debit Card,Corporate
ORD-0025,2025-09-22,Sep-2025,Jaipur,North,Electronics,Wireless Mouse,2,743.0,0,1486.0,267.48,Net Banking,Consumer
ORD-0026,2025-10-29,Oct-2025,Hyderabad,South,Electronics,Laptop Stand,1,1326.0,0,1326.0,238.68,UPI,Corporate
ORD-0027,2025-02-06,Feb-2025,Kolkata,East,Electronics,USB-C Cable,2,298.0,0.05,566.2,101.92,Net Banking,Home Office
ORD-0028,2025-08-31,Aug-2025,Hyderabad,South,Accessories,Water Bottle,3,344.0,0,1032.0,258.0,Cash,Corporate
ORD-0029,2025-08-05,Aug-2025,Delhi,North,Office Supplies,Printer Paper,5,371.0,0.1,1669.5,367.29,UPI,Consumer
ORD-0030,2025-07-26,Jul-2025,Chennai,South,Accessories,Water Bottle,5,335.0,0,1675.0,418.75,Cash,Consumer
ORD-0031,2025-08-05,Aug-2025,Mumbai,West,Office Supplies,Notebook Pack,3,264.0,0,792.0,174.24,Net Banking,Consumer
ORD-0032,2025-01-26,Jan-2025,Kolkata,East,Accessories,Laptop Sleeve,1,654.0,0.1,588.6,147.15,Credit Card,Consumer
ORD-0033,2025-07-28,Jul-2025,Jaipur,North,Office Supplies,Printer Paper,1,393.0,0,393.0,86.46,Cash,Consumer
ORD-0034,2025-07-19,Jul-2025,Bengaluru,South,Accessories,Desk Lamp,5,893.0,0.05,4241.75,1060.44,Net Banking,Home Office
ORD-0035,2025-09-07,Sep-2025,Mumbai,West,Electronics,USB-C Cable,2,321.0,0.05,609.9,109.78,Net Banking,Consumer
ORD-0036,2025-06-10,Jun-2025,Nagpur,West,Electronics,Laptop Stand,3,1300.0,0.15,3315.0,596.7,Credit Card,Consumer
ORD-0037,2025-09-18,Sep-2025,Pune,West,Accessories,Laptop Sleeve,1,710.0,0.1,639.0,159.75,Credit Card,Corporate
ORD-0038,2025-03-03,Mar-2025,Bhopal,Central,Electronics,USB-C Cable,3,277.0,0,831.0,149.58,Net Banking,Home Office
ORD-0039,2025-09-25,Sep-2025,Chennai,South,Accessories,Desk Lamp,2,923.0,0,1846.0,461.5,Debit Card,Corporate
ORD-0040,2025-03-09,Mar-2025,Bengaluru,South,Office Supplies,Printer Paper,2,415.0,0,830.0,182.6,Cash,Home Office
ORD-0041,2025-10-16,Oct-2025,Pune,West,Electronics,Wireless Mouse,3,800.0,0,2400.0,432.0,Debit Card,Consumer
ORD-0042,2025-05-06,May-2025,Chennai,South,Office Supplies,Notebook Pack,1,262.0,0.1,235.8,51.88,Net Banking,Home Office
ORD-0043,2025-09-28,Sep-2025,Nagpur,West,Furniture,Bookshelf,5,3387.0,0.1,15241.5,2286.22,Credit Card,Corporate
ORD-0044,2025-03-01,Mar-2025,Pune,West,Accessories,Backpack,3,1155.0,0.05,3291.75,822.94,Debit Card,Consumer
ORD-0045,2025-12-18,Dec-2025,Bengaluru,South,Furniture,Office Chair,3,5323.0,0.15,13573.65,2036.05,UPI,Home Office
ORD-0046,2025-08-05,Aug-2025,Bengaluru,South,Electronics,Laptop Stand,1,1355.0,0.05,1287.25,231.7,Debit Card,Consumer
ORD-0047,2025-08-15,Aug-2025,Kolkata,East,Accessories,Backpack,2,1105.0,0,2210.0,552.5,Credit Card,Home Office
ORD-0048,2025-01-19,Jan-2025,Chennai,South,Furniture,Study Table,3,6920.0,0,20760.0,3114.0,Debit Card,Consumer
ORD-0049,2025-07-03,Jul-2025,Hyderabad,South,Furniture,Bookshelf,2,3277.0,0.1,5898.6,884.79,Cash,Home Office
ORD-0050,2025-03-21,Mar-2025,Hyderabad,South,Accessories,Laptop Sleeve,1,733.0,0,733.0,183.25,Cash,Consumer
ORD-0051,2025-04-02,Apr-2025,Chennai,South,Accessories,Water Bottle,7,366.0,0.15,2177.7,544.42,Credit Card,Corporate
ORD-0052,2025-03-23,Mar-2025,Pune,West,Office Supplies,Ball Pen Set,6,210.0,0,1260.0,277.2,Cash,Corporate
ORD-0053,2025-06-06,Jun-2025,Hyderabad,South,Electronics,USB-C Cable,1,284.0,0,284.0,51.12,UPI,Corporate
ORD-0054,2025-06-29,Jun-2025,Kolkata,East,Office Supplies,Ball Pen Set,4,210.0,0,840.0,184.8,UPI,Consumer
ORD-0055,2025-05-14,May-2025,Mumbai,West,Furniture,Study Table,7,6736.0,0,47152.0,7072.8,Cash,Corporate
ORD-0056,2025-06-10,Jun-2025,Delhi,North,Furniture,Study Table,8,6569.0,0.15,44669.2,6700.38,Credit Card,Corporate
ORD-0057,2025-01-23,Jan-2025,Delhi,North,Electronics,Laptop Stand,3,1363.0,0.1,3680.1,662.42,Credit Card,Corporate
ORD-0058,2025-08-09,Aug-2025,Pune,West,Furniture,Bookshelf,6,3568.0,0.1,19267.2,2890.08,UPI,Home Office
ORD-0059,2025-06-03,Jun-2025,Kolkata,East,Office Supplies,Notebook Pack,4,242.0,0.1,871.2,191.66,Net Banking,Consumer
ORD-0060,2025-04-09,Apr-2025,Delhi,North,Furniture,Bookshelf,7,3598.0,0.15,21408.1,3211.21,Net Banking,Home Office
ORD-0061,2025-06-04,Jun-2025,Delhi,North,Furniture,Office Chair,5,4842.0,0,24210.0,3631.5,Net Banking,Home Office
ORD-0062,2025-12-02,Dec-2025,Chennai,South,Office Supplies,Printer Paper,2,410.0,0.05,779.0,171.38,Credit Card,Home Office
ORD-0063,2025-02-13,Feb-2025,Bengaluru,South,Furniture,Office Chair,4,5094.0,0,20376.0,3056.4,Credit Card,Home Office
ORD-0064,2025-06-08,Jun-2025,Hyderabad,South,Accessories,Water Bottle,1,322.0,0,322.0,80.5,Cash,Home Office
ORD-0065,2025-02-07,Feb-2025,Jaipur,North,Office Supplies,Ball Pen Set,6,201.0,0.1,1085.4,238.79,Cash,Corporate
ORD-0066,2025-07-24,Jul-2025,Hyderabad,South,Electronics,Bluetooth Speaker,4,1380.0,0.1,4968.0,894.24,UPI,Corporate
ORD-0067,2025-04-23,Apr-2025,Mumbai,West,Accessories,Water Bottle,7,350.0,0,2450.0,612.5,Credit Card,Consumer
ORD-0068,2025-08-22,Aug-2025,Mumbai,West,Accessories,Water Bottle,3,351.0,0.05,1000.35,250.09,Debit Card,Corporate
ORD-0069,2025-11-10,Nov-2025,Kolkata,East,Office Supplies,Ball Pen Set,5,201.0,0.15,854.25,187.94,Cash,Corporate
ORD-0070,2025-05-13,May-2025,Hyderabad,South,Accessories,Laptop Sleeve,3,729.0,0.05,2077.65,519.41,Credit Card,Corporate
ORD-0071,2025-08-14,Aug-2025,Pune,West,Accessories,Backpack,2,1155.0,0,2310.0,577.5,Net Banking,Consumer
ORD-0072,2025-03-12,Mar-2025,Mumbai,West,Electronics,USB-C Cable,2,282.0,0,564.0,101.52,Cash,Corporate
ORD-0073,2025-06-19,Jun-2025,Kolkata,East,Office Supplies,Printer Paper,2,380.0,0.05,722.0,158.84,Net Banking,Home Office
ORD-0074,2025-01-11,Jan-2025,Bhopal,Central,Office Supplies,Ball Pen Set,3,213.0,0,639.0,140.58,Cash,Corporate
ORD-0075,2025-10-03,Oct-2025,Kolkata,East,Accessories,Water Bottle,3,333.0,0,999.0,249.75,Cash,Corporate
ORD-0076,2025-01-15,Jan-2025,Delhi,North,Office Supplies,Desk Organizer,4,732.0,0.1,2635.2,579.74,Cash,Consumer
ORD-0077,2025-11-15,Nov-2025,Kolkata,East,Electronics,Laptop Stand,6,1318.0,0.1,7117.2,1281.1,UPI,Home Office
ORD-0078,2025-08-08,Aug-2025,Mumbai,West,Accessories,Laptop Sleeve,3,649.0,0,1947.0,486.75,Credit Card,Corporate
ORD-0079,2025-06-17,Jun-2025,Chennai,South,Accessories,Water Bottle,6,337.0,0.15,1718.7,429.68,Cash,Corporate
ORD-0080,2025-02-11,Feb-2025,Jaipur,North,Electronics,Laptop Stand,4,1206.0,0.15,4100.4,738.07,Credit Card,Home Office
ORD-0081,2025-02-05,Feb-2025,Nagpur,West,Accessories,Water Bottle,1,335.0,0.1,301.5,75.38,Net Banking,Consumer
ORD-0082,2025-05-03,May-2025,Mumbai,West,Office Supplies,Printer Paper,4,403.0,0,1612.0,354.64,Debit Card,Corporate
ORD-0083,2025-03-27,Mar-2025,Bhopal,Central,Furniture,Study Table,7,7244.0,0.1,45637.2,6845.58,Credit Card,Corporate
ORD-0084,2025-02-25,Feb-2025,Bhopal,Central,Electronics,Laptop Stand,6,1315.0,0.15,6706.5,1207.17,Cash,Corporate
ORD-0085,2025-04-12,Apr-2025,Pune,West,Furniture,Study Table,4,7141.0,0,28564.0,4284.6,Debit Card,Home Office
ORD-0086,2025-11-04,Nov-2025,Pune,West,Accessories,Water Bottle,8,365.0,0,2920.0,730.0,Cash,Home Office
ORD-0087,2025-07-09,Jul-2025,Pune,West,Furniture,Office Chair,3,4609.0,0.05,13135.65,1970.35,Cash,Consumer
ORD-0088,2025-08-10,Aug-2025,Chennai,South,Furniture,Bookshelf,6,3476.0,0,20856.0,3128.4,Credit Card,Home Office
ORD-0089,2025-09-25,Sep-2025,Bengaluru,South,Furniture,Study Table,5,7042.0,0.05,33449.5,5017.43,Cash,Home Office
ORD-0090,2025-10-31,Oct-2025,Bengaluru,South,Office Supplies,Desk Organizer,5,736.0,0,3680.0,809.6,Cash,Consumer
ORD-0091,2025-08-26,Aug-2025,Bhopal,Central,Furniture,Study Table,4,6816.0,0.05,25900.8,3885.12,Debit Card,Consumer
ORD-0092,2025-09-07,Sep-2025,Hyderabad,South,Office Supplies,Desk Organizer,5,681.0,0.15,2894.25,636.74,Debit Card,Home Office
ORD-0093,2025-01-06,Jan-2025,Kolkata,East,Electronics,USB-C Cable,1,310.0,0.05,294.5,53.01,Credit Card,Home Office
ORD-0094,2025-09-01,Sep-2025,Jaipur,North,Office Supplies,Printer Paper,5,373.0,0,1865.0,410.3,Credit Card,Corporate
ORD-0095,2025-12-06,Dec-2025,Bhopal,Central,Office Supplies,Desk Organizer,3,702.0,0.05,2000.7,440.15,Net Banking,Corporate
ORD-0096,2025-06-30,Jun-2025,Jaipur,North,Office Supplies,Notebook Pack,2,238.0,0.1,428.4,94.25,Debit Card,Consumer
ORD-0097,2025-10-02,Oct-2025,Mumbai,West,Electronics,USB-C Cable,1,298.0,0.1,268.2,48.28,Net Banking,Home Office
ORD-0098,2025-05-25,May-2025,Pune,West,Accessories,Laptop Sleeve,1,669.0,0,669.0,167.25,UPI,Home Office
ORD-0099,2025-10-01,Oct-2025,Mumbai,West,Office Supplies,Notebook Pack,1,231.0,0,231.0,50.82,Credit Card,Home Office
ORD-0100,2025-09-09,Sep-2025,Pune,West,Accessories,Laptop Sleeve,1,675.0,0.05,641.25,160.31,Debit Card,Consumer
ORD-0101,2025-01-27,Jan-2025,Bengaluru,South,Accessories,Laptop Sleeve,3,735.0,0.05,2094.75,523.69,UPI,Home Office
ORD-0102,2025-11-19,Nov-2025,Nagpur,West,Electronics,Bluetooth Speaker,1,1514.0,0,1514.0,272.52,Credit Card,Consumer
ORD-0103,2025-10-13,Oct-2025,Delhi,North,Furniture,Study Table,3,7132.0,0.1,19256.4,2888.46,Cash,Corporate
ORD-0104,2025-08-15,Aug-2025,Bengaluru,South,Accessories,Laptop Sleeve,3,691.0,0.05,1969.35,492.34,UPI,Home Office
ORD-0105,2025-02-20,Feb-2025,Hyderabad,South,Furniture,Bookshelf,1,3589.0,0,3589.0,538.35,Credit Card,Home Office
ORD-0106,2025-02-08,Feb-2025,Mumbai,West,Electronics,Laptop Stand,2,1338.0,0.05,2542.2,457.6,UPI,Consumer
ORD-0107,2025-05-28,May-2025,Bengaluru,South,Accessories,Backpack,5,1117.0,0,5585.0,1396.25,Debit Card,Home Office
ORD-0108,2025-10-29,Oct-2025,Hyderabad,South,Office Supplies,Ball Pen Set,1,190.0,0,190.0,41.8,Debit Card,Consumer
ORD-0109,2025-02-06,Feb-2025,Nagpur,West,Electronics,Bluetooth Speaker,5,1522.0,0.1,6849.0,1232.82,Debit Card,Corporate
ORD-0110,2025-03-05,Mar-2025,Jaipur,North,Accessories,Backpack,2,1180.0,0,2360.0,590.0,Net Banking,Corporate
ORD-0111,2025-08-13,Aug-2025,Pune,West,Furniture,Study Table,1,6923.0,0,6923.0,1038.45,Debit Card,Consumer
ORD-0112,2025-02-16,Feb-2025,Hyderabad,South,Furniture,Bookshelf,5,3541.0,0.15,15049.25,2257.39,Debit Card,Home Office
ORD-0113,2025-01-21,Jan-2025,Mumbai,West,Office Supplies,Printer Paper,3,395.0,0,1185.0,260.7,Net Banking,Corporate
ORD-0114,2025-11-22,Nov-2025,Jaipur,North,Electronics,Wireless Mouse,3,787.0,0,2361.0,424.98,UPI,Consumer
ORD-0115,2025-06-18,Jun-2025,Delhi,North,Accessories,Backpack,3,1230.0,0.05,3505.5,876.38,Net Banking,Consumer
ORD-0116,2025-08-21,Aug-2025,Pune,West,Office Supplies,Desk Organizer,2,656.0,0.1,1180.8,259.78,Net Banking,Consumer
ORD-0117,2025-12-03,Dec-2025,Kolkata,East,Office Supplies,Printer Paper,2,379.0,0,758.0,166.76,Cash,Home Office
ORD-0118,2025-08-15,Aug-2025,Nagpur,West,Electronics,USB-C Cable,2,281.0,0,562.0,101.16,Cash,Consumer
ORD-0119,2025-01-15,Jan-2025,Bhopal,Central,Accessories,Water Bottle,2,330.0,0.05,627.0,156.75,Net Banking,Corporate
ORD-0120,2025-02-17,Feb-2025,Hyderabad,South,Accessories,Laptop Sleeve,6,695.0,0,4170.0,1042.5,Credit Card,Corporate
ORD-0121,2025-05-30,May-2025,Kolkata,East,Accessories,Backpack,2,1263.0,0.2,2020.8,505.2,Credit Card,Corporate
ORD-0122,2025-10-10,Oct-2025,Mumbai,West,Office Supplies,Ball Pen Set,1,202.0,0.1,181.8,40.0,Credit Card,Consumer
ORD-0123,2025-05-22,May-2025,Delhi,North,Office Supplies,Desk Organizer,7,700.0,0.1,4410.0,970.2,Debit Card,Home Office
ORD-0124,2025-06-02,Jun-2025,Bhopal,Central,Furniture,Study Table,8,6987.0,0,55896.0,8384.4,Net Banking,Corporate
ORD-0125,2025-06-26,Jun-2025,Chennai,South,Furniture,Office Chair,4,4901.0,0.15,16663.4,2499.51,Credit Card,Home Office
ORD-0126,2025-05-03,May-2025,Bhopal,Central,Office Supplies,Ball Pen Set,2,208.0,0,416.0,91.52,Cash,Home Office
ORD-0127,2025-07-15,Jul-2025,Delhi,North,Furniture,Bookshelf,5,3584.0,0,17920.0,2688.0,UPI,Consumer
ORD-0128,2025-09-15,Sep-2025,Bhopal,Central,Office Supplies,Desk Organizer,5,741.0,0.05,3519.75,774.35,Net Banking,Corporate
ORD-0129,2025-01-08,Jan-2025,Mumbai,West,Office Supplies,Ball Pen Set,6,214.0,0,1284.0,282.48,Debit Card,Corporate
ORD-0130,2025-11-16,Nov-2025,Delhi,North,Furniture,Bookshelf,1,3403.0,0.1,3062.7,459.41,Net Banking,Corporate
ORD-0131,2025-06-12,Jun-2025,Jaipur,North,Accessories,Laptop Sleeve,3,712.0,0,2136.0,534.0,Debit Card,Consumer
ORD-0132,2025-02-16,Feb-2025,Delhi,North,Electronics,Wireless Mouse,4,825.0,0,3300.0,594.0,Credit Card,Home Office
ORD-0133,2025-06-03,Jun-2025,Nagpur,West,Electronics,Laptop Stand,2,1207.0,0,2414.0,434.52,Cash,Consumer
ORD-0134,2025-05-06,May-2025,Kolkata,East,Office Supplies,Ball Pen Set,3,208.0,0,624.0,137.28,UPI,Home Office
ORD-0135,2025-07-15,Jul-2025,Bhopal,Central,Furniture,Bookshelf,2,3730.0,0,7460.0,1119.0,Cash,Home Office
ORD-0136,2025-05-11,May-2025,Jaipur,North,Office Supplies,Notebook Pack,4,265.0,0.05,1007.0,221.54,Debit Card,Home Office
ORD-0137,2025-10-07,Oct-2025,Mumbai,West,Electronics,Wireless Mouse,2,779.0,0.05,1480.1,266.42,Cash,Home Office
ORD-0138,2025-05-09,May-2025,Jaipur,North,Accessories,Laptop Sleeve,2,755.0,0.15,1283.5,320.88,UPI,Consumer
ORD-0139,2025-07-15,Jul-2025,Bhopal,Central,Office Supplies,Desk Organizer,3,754.0,0,2262.0,497.64,Cash,Corporate
ORD-0140,2025-01-05,Jan-2025,Bhopal,Central,Accessories,Laptop Sleeve,4,726.0,0,2904.0,726.0,Net Banking,Home Office
ORD-0141,2025-09-12,Sep-2025,Bengaluru,South,Accessories,Water Bottle,5,355.0,0,1775.0,443.75,Credit Card,Home Office
ORD-0142,2025-05-09,May-2025,Mumbai,West,Furniture,Bookshelf,1,3570.0,0,3570.0,535.5,Cash,Consumer
ORD-0143,2025-10-24,Oct-2025,Chennai,South,Accessories,Backpack,1,1278.0,0,1278.0,319.5,Cash,Consumer
ORD-0144,2025-04-13,Apr-2025,Mumbai,West,Accessories,Water Bottle,3,375.0,0.05,1068.75,267.19,Debit Card,Consumer
ORD-0145,2025-05-12,May-2025,Jaipur,North,Accessories,Water Bottle,2,370.0,0.1,666.0,166.5,Cash,Consumer
ORD-0146,2025-03-14,Mar-2025,Hyderabad,South,Accessories,Laptop Sleeve,4,719.0,0.05,2732.2,683.05,Net Banking,Corporate
ORD-0147,2025-02-16,Feb-2025,Delhi,North,Electronics,Laptop Stand,2,1221.0,0,2442.0,439.56,Debit Card,Home Office
ORD-0148,2025-07-15,Jul-2025,Chennai,South,Electronics,Wireless Mouse,4,795.0,0.05,3021.0,543.78,Net Banking,Corporate
ORD-0149,2025-11-09,Nov-2025,Hyderabad,South,Furniture,Bookshelf,1,3680.0,0.15,3128.0,469.2,Debit Card,Home Office
ORD-0150,2025-07-29,Jul-2025,Pune,West,Electronics,Bluetooth Speaker,1,1388.0,0.2,1110.4,199.87,UPI,Consumer
ORD-0151,2025-05-01,May-2025,Kolkata,East,Electronics,Bluetooth Speaker,2,1468.0,0.15,2495.6,449.21,Net Banking,Corporate
ORD-0152,2025-10-28,Oct-2025,Mumbai,West,Accessories,Desk Lamp,2,841.0,0.05,1597.9,399.47,Cash,Corporate
ORD-0153,2025-01-17,Jan-2025,Chennai,South,Electronics,USB-C Cable,2,321.0,0.15,545.7,98.23,UPI,Home Office
ORD-0154,2025-07-08,Jul-2025,Kolkata,East,Accessories,Desk Lamp,8,879.0,0.05,6680.4,1670.1,Credit Card,Consumer
ORD-0155,2025-08-21,Aug-2025,Pune,West,Furniture,Bookshelf,1,3577.0,0.2,2861.6,429.24,UPI,Corporate
ORD-0156,2025-05-05,May-2025,Mumbai,West,Accessories,Water Bottle,3,325.0,0.1,877.5,219.38,Credit Card,Home Office
ORD-0157,2025-04-21,Apr-2025,Hyderabad,South,Office Supplies,Desk Organizer,4,731.0,0.05,2777.8,611.12,Debit Card,Consumer
ORD-0158,2025-03-08,Mar-2025,Kolkata,East,Office Supplies,Notebook Pack,5,233.0,0.15,990.25,217.85,Credit Card,Consumer
ORD-0159,2025-07-03,Jul-2025,Hyderabad,South,Furniture,Study Table,2,6634.0,0,13268.0,1990.2,Cash,Home Office
ORD-0160,2025-02-28,Feb-2025,Pune,West,Office Supplies,Printer Paper,2,390.0,0.05,741.0,163.02,Cash,Home Office
ORD-0161,2025-04-24,Apr-2025,Bhopal,Central,Electronics,Laptop Stand,4,1384.0,0.1,4982.4,896.83,Debit Card,Corporate
ORD-0162,2025-11-26,Nov-2025,Nagpur,West,Electronics,Laptop Stand,8,1371.0,0.05,10419.6,1875.53,UPI,Corporate
ORD-0163,2025-12-31,Dec-2025,Jaipur,North,Electronics,Wireless Mouse,6,776.0,0,4656.0,838.08,Credit Card,Corporate
ORD-0164,2025-11-16,Nov-2025,Bhopal,Central,Furniture,Office Chair,4,4904.0,0.05,18635.2,2795.28,Debit Card,Corporate
ORD-0165,2025-09-16,Sep-2025,Bhopal,Central,Office Supplies,Ball Pen Set,1,205.0,0.15,174.25,38.34,Net Banking,Home Office
ORD-0166,2025-04-21,Apr-2025,Delhi,North,Office Supplies,Printer Paper,6,393.0,0.1,2122.2,466.88,Cash,Corporate
ORD-0167,2025-02-18,Feb-2025,Chennai,South,Office Supplies,Ball Pen Set,2,191.0,0.15,324.7,71.43,Cash,Consumer
ORD-0168,2025-02-16,Feb-2025,Pune,West,Electronics,Wireless Mouse,2,830.0,0,1660.0,298.8,Credit Card,Home Office
ORD-0169,2025-01-31,Jan-2025,Bhopal,Central,Furniture,Office Chair,3,5135.0,0.05,14634.75,2195.21,Cash,Home Office
ORD-0170,2025-01-27,Jan-2025,Bengaluru,South,Furniture,Study Table,2,6555.0,0.05,12454.5,1868.17,Credit Card,Home Office
ORD-0171,2025-09-04,Sep-2025,Hyderabad,South,Accessories,Laptop Sleeve,1,738.0,0,738.0,184.5,Debit Card,Home Office
ORD-0172,2025-04-26,Apr-2025,Delhi,North,Accessories,Laptop Sleeve,3,729.0,0.05,2077.65,519.41,Net Banking,Consumer
ORD-0173,2025-11-08,Nov-2025,Bengaluru,South,Electronics,Laptop Stand,1,1341.0,0,1341.0,241.38,Debit Card,Corporate
ORD-0174,2025-01-04,Jan-2025,Mumbai,West,Accessories,Laptop Sleeve,1,717.0,0,717.0,179.25,UPI,Consumer
ORD-0175,2025-09-29,Sep-2025,Hyderabad,South,Office Supplies,Ball Pen Set,2,194.0,0,388.0,85.36,Debit Card,Home Office
ORD-0176,2025-11-02,Nov-2025,Pune,West,Accessories,Desk Lamp,1,850.0,0.05,807.5,201.88,UPI,Corporate
ORD-0177,2025-08-15,Aug-2025,Delhi,North,Office Supplies,Printer Paper,3,394.0,0,1182.0,260.04,Net Banking,Consumer
ORD-0178,2025-06-26,Jun-2025,Delhi,North,Electronics,Wireless Mouse,2,822.0,0.05,1561.8,281.12,Debit Card,Consumer
ORD-0179,2025-04-23,Apr-2025,Delhi,North,Furniture,Study Table,1,6668.0,0.15,5667.8,850.17,Credit Card,Corporate
ORD-0180,2025-05-29,May-2025,Chennai,South,Electronics,Wireless Mouse,1,831.0,0,831.0,149.58,Cash,Home Office
ORD-0181,2025-12-27,Dec-2025,Hyderabad,South,Furniture,Office Chair,3,5133.0,0,15399.0,2309.85,Cash,Home Office
ORD-0182,2025-01-22,Jan-2025,Delhi,North,Electronics,Laptop Stand,2,1211.0,0,2422.0,435.96,Cash,Home Office
ORD-0183,2025-07-27,Jul-2025,Delhi,North,Office Supplies,Notebook Pack,1,230.0,0,230.0,50.6,Net Banking,Corporate
ORD-0184,2025-12-20,Dec-2025,Chennai,South,Electronics,Wireless Mouse,2,749.0,0.05,1423.1,256.16,Cash,Home Office
ORD-0185,2025-02-10,Feb-2025,Delhi,North,Accessories,Laptop Sleeve,2,681.0,0,1362.0,340.5,Credit Card,Consumer
ORD-0186,2025-09-19,Sep-2025,Pune,West,Furniture,Office Chair,3,5324.0,0,15972.0,2395.8,Credit Card,Consumer
ORD-0187,2025-02-22,Feb-2025,Mumbai,West,Office Supplies,Notebook Pack,1,253.0,0.1,227.7,50.09,UPI,Consumer
ORD-0188,2025-11-18,Nov-2025,Jaipur,North,Office Supplies,Printer Paper,4,416.0,0.05,1580.8,347.78,Net Banking,Home Office
ORD-0189,2025-11-22,Nov-2025,Bhopal,Central,Office Supplies,Desk Organizer,5,713.0,0,3565.0,784.3,UPI,Corporate
ORD-0190,2025-08-15,Aug-2025,Bengaluru,South,Accessories,Water Bottle,2,324.0,0.05,615.6,153.9,Debit Card,Corporate
ORD-0191,2025-08-20,Aug-2025,Nagpur,West,Electronics,Laptop Stand,2,1255.0,0.1,2259.0,406.62,UPI,Home Office
ORD-0192,2025-11-01,Nov-2025,Kolkata,East,Office Supplies,Ball Pen Set,3,201.0,0.1,542.7,119.39,UPI,Corporate
ORD-0193,2025-10-20,Oct-2025,Hyderabad,South,Office Supplies,Desk Organizer,3,699.0,0.15,1782.45,392.14,Cash,Consumer
ORD-0194,2025-06-25,Jun-2025,Pune,West,Furniture,Office Chair,3,4630.0,0.1,12501.0,1875.15,Cash,Home Office
ORD-0195,2025-09-25,Sep-2025,Bhopal,Central,Electronics,Bluetooth Speaker,2,1599.0,0.05,3038.1,546.86,Debit Card,Home Office
ORD-0196,2025-11-03,Nov-2025,Nagpur,West,Accessories,Water Bottle,3,340.0,0,1020.0,255.0,Net Banking,Home Office
ORD-0197,2025-07-17,Jul-2025,Bengaluru,South,Office Supplies,Notebook Pack,4,255.0,0.15,867.0,190.74,Credit Card,Corporate
ORD-0198,2025-02-11,Feb-2025,Bhopal,Central,Furniture,Bookshelf,1,3415.0,0.2,2732.0,409.8,Cash,Consumer
ORD-0199,2025-11-01,Nov-2025,Pune,West,Office Supplies,Notebook Pack,3,255.0,0,765.0,168.3,Credit Card,Home Office
ORD-0200,2025-12-26,Dec-2025,Kolkata,East,Electronics,Wireless Mouse,3,789.0,0,2367.0,426.06,Debit Card,Corporate
ORD-0201,2025-04-03,Apr-2025,Hyderabad,South,Office Supplies,Desk Organizer,7,697.0,0,4879.0,1073.38,Credit Card,Consumer
ORD-0202,2025-02-09,Feb-2025,Bengaluru,South,Accessories,Laptop Sleeve,5,700.0,0.05,3325.0,831.25,Net Banking,Consumer
ORD-0203,2025-12-05,Dec-2025,Chennai,South,Accessories,Desk Lamp,4,846.0,0,3384.0,846.0,Credit Card,Consumer
ORD-0204,2025-12-21,Dec-2025,Bhopal,Central,Accessories,Water Bottle,6,361.0,0,2166.0,541.5,Debit Card,Home Office
ORD-0205,2025-05-02,May-2025,Jaipur,North,Furniture,Study Table,2,7277.0,0.05,13826.3,2073.94,Net Banking,Consumer
ORD-0206,2025-06-08,Jun-2025,Jaipur,North,Accessories,Desk Lamp,5,880.0,0.15,3740.0,935.0,Cash,Corporate
ORD-0207,2025-05-25,May-2025,Delhi,North,Furniture,Office Chair,3,5372.0,0.1,14504.4,2175.66,Net Banking,Consumer
ORD-0208,2025-05-09,May-2025,Nagpur,West,Furniture,Bookshelf,3,3427.0,0.15,8738.85,1310.83,Net Banking,Consumer
ORD-0209,2025-05-26,May-2025,Pune,West,Accessories,Water Bottle,1,346.0,0.05,328.7,82.17,Cash,Consumer
ORD-0210,2025-04-24,Apr-2025,Jaipur,North,Accessories,Desk Lamp,2,831.0,0,1662.0,415.5,Net Banking,Corporate
ORD-0211,2025-05-01,May-2025,Delhi,North,Electronics,Wireless Mouse,2,739.0,0.15,1256.3,226.13,Debit Card,Consumer
ORD-0212,2025-03-12,Mar-2025,Nagpur,West,Office Supplies,Notebook Pack,6,248.0,0.1,1339.2,294.62,Cash,Corporate
ORD-0213,2025-11-12,Nov-2025,Nagpur,West,Accessories,Desk Lamp,1,864.0,0.1,777.6,194.4,Net Banking,Home Office
ORD-0214,2025-11-08,Nov-2025,Kolkata,East,Office Supplies,Ball Pen Set,1,192.0,0,192.0,42.24,UPI,Consumer
ORD-0215,2025-08-03,Aug-2025,Bhopal,Central,Office Supplies,Printer Paper,1,420.0,0.05,399.0,87.78,Net Banking,Consumer
ORD-0216,2025-11-20,Nov-2025,Kolkata,East,Furniture,Study Table,2,6600.0,0.05,12540.0,1881.0,Net Banking,Corporate
ORD-0217,2025-05-04,May-2025,Bhopal,Central,Office Supplies,Ball Pen Set,1,204.0,0.05,193.8,42.64,Debit Card,Consumer
ORD-0218,2025-09-27,Sep-2025,Kolkata,East,Furniture,Office Chair,5,5005.0,0,25025.0,3753.75,Cash,Consumer
ORD-0219,2025-11-22,Nov-2025,Delhi,North,Office Supplies,Desk Organizer,2,645.0,0.1,1161.0,255.42,Debit Card,Consumer
ORD-0220,2025-12-03,Dec-2025,Pune,West,Accessories,Water Bottle,3,363.0,0,1089.0,272.25,Debit Card,Home Office
ORD-0221,2025-06-23,Jun-2025,Mumbai,West,Accessories,Laptop Sleeve,4,695.0,0.1,2502.0,625.5,Credit Card,Consumer
ORD-0222,2025-02-02,Feb-2025,Jaipur,North,Electronics,Laptop Stand,2,1204.0,0,2408.0,433.44,UPI,Corporate
ORD-0223,2025-06-08,Jun-2025,Kolkata,East,Office Supplies,Ball Pen Set,8,200.0,0,1600.0,352.0,Credit Card,Corporate
ORD-0224,2025-07-02,Jul-2025,Nagpur,West,Accessories,Laptop Sleeve,4,674.0,0.1,2426.4,606.6,Cash,Corporate
ORD-0225,2025-08-14,Aug-2025,Delhi,North,Office Supplies,Desk Organizer,8,699.0,0.05,5312.4,1168.73,Net Banking,Corporate
ORD-0226,2025-02-12,Feb-2025,Delhi,North,Electronics,Wireless Mouse,2,862.0,0,1724.0,310.32,Debit Card,Corporate
ORD-0227,2025-02-22,Feb-2025,Pune,West,Office Supplies,Desk Organizer,4,677.0,0.05,2572.6,565.97,Cash,Consumer
ORD-0228,2025-12-20,Dec-2025,Jaipur,North,Office Supplies,Desk Organizer,2,724.0,0.15,1230.8,270.78,Net Banking,Corporate
ORD-0229,2025-05-21,May-2025,Nagpur,West,Electronics,Wireless Mouse,4,787.0,0.05,2990.6,538.31,Credit Card,Consumer
ORD-0230,2025-03-15,Mar-2025,Bhopal,Central,Furniture,Bookshelf,5,3239.0,0,16195.0,2429.25,Debit Card,Corporate
ORD-0231,2025-07-16,Jul-2025,Bhopal,Central,Electronics,Laptop Stand,3,1336.0,0.15,3406.8,613.22,Debit Card,Corporate
ORD-0232,2025-02-09,Feb-2025,Bhopal,Central,Electronics,Bluetooth Speaker,3,1475.0,0.1,3982.5,716.85,Credit Card,Consumer
ORD-0233,2025-01-14,Jan-2025,Mumbai,West,Office Supplies,Printer Paper,3,425.0,0,1275.0,280.5,Debit Card,Home Office
ORD-0234,2025-08-17,Aug-2025,Hyderabad,South,Furniture,Study Table,2,7465.0,0.05,14183.5,2127.53,UPI,Consumer
ORD-0235,2025-02-07,Feb-2025,Jaipur,North,Electronics,Bluetooth Speaker,6,1486.0,0,8916.0,1604.88,Debit Card,Home Office
ORD-0236,2025-06-27,Jun-2025,Pune,West,Furniture,Office Chair,3,5312.0,0.15,13545.6,2031.84,Credit Card,Corporate
ORD-0237,2025-09-18,Sep-2025,Hyderabad,South,Electronics,Wireless Mouse,8,836.0,0,6688.0,1203.84,Cash,Consumer
ORD-0238,2025-07-04,Jul-2025,Kolkata,East,Furniture,Study Table,2,7339.0,0.05,13944.1,2091.61,Net Banking,Consumer
ORD-0239,2025-02-03,Feb-2025,Bengaluru,South,Office Supplies,Ball Pen Set,8,206.0,0.05,1565.6,344.43,Cash,Home Office
ORD-0240,2025-02-07,Feb-2025,Mumbai,West,Office Supplies,Desk Organizer,3,693.0,0.1,1871.1,411.64,Debit Card,Consumer
ORD-0241,2025-10-10,Oct-2025,Bhopal,Central,Electronics,Bluetooth Speaker,4,1410.0,0.05,5358.0,964.44,UPI,Consumer
ORD-0242,2025-09-23,Sep-2025,Mumbai,West,Office Supplies,Notebook Pack,1,242.0,0.1,217.8,47.92,Debit Card,Home Office
ORD-0243,2025-05-26,May-2025,Pune,West,Office Supplies,Notebook Pack,1,267.0,0,267.0,58.74,Debit Card,Home Office
ORD-0244,2025-10-01,Oct-2025,Pune,West,Furniture,Office Chair,3,5072.0,0.05,14455.2,2168.28,Credit Card,Home Office
ORD-0245,2025-11-16,Nov-2025,Bhopal,Central,Office Supplies,Desk Organizer,5,706.0,0.1,3177.0,698.94,UPI,Consumer
ORD-0246,2025-01-24,Jan-2025,Bhopal,Central,Office Supplies,Notebook Pack,4,260.0,0.05,988.0,217.36,UPI,Corporate
ORD-0247,2025-11-18,Nov-2025,Kolkata,East,Office Supplies,Notebook Pack,3,241.0,0,723.0,159.06,Cash,Corporate
ORD-0248,2025-08-21,Aug-2025,Pune,West,Accessories,Backpack,1,1187.0,0.05,1127.65,281.91,Credit Card,Corporate
ORD-0249,2025-11-07,Nov-2025,Mumbai,West,Office Supplies,Desk Organizer,5,679.0,0.2,2716.0,597.52,Debit Card,Corporate
ORD-0250,2025-03-08,Mar-2025,Chennai,South,Furniture,Office Chair,3,4854.0,0.05,13833.9,2075.09,Debit Card,Corporate
ORD-0251,2025-05-07,May-2025,Mumbai,West,Electronics,Wireless Mouse,1,856.0,0.15,727.6,130.97,Cash,Consumer
ORD-0252,2025-03-23,Mar-2025,Chennai,South,Accessories,Desk Lamp,3,872.0,0.1,2354.4,588.6,Cash,Home Office
ORD-0253,2025-08-28,Aug-2025,Jaipur,North,Accessories,Desk Lamp,2,830.0,0.15,1411.0,352.75,Net Banking,Corporate
ORD-0254,2025-05-04,May-2025,Hyderabad,South,Furniture,Study Table,2,6496.0,0.05,12342.4,1851.36,Cash,Corporate
ORD-0255,2025-10-02,Oct-2025,Nagpur,West,Accessories,Laptop Sleeve,1,658.0,0,658.0,164.5,Debit Card,Corporate
ORD-0256,2025-07-07,Jul-2025,Nagpur,West,Office Supplies,Ball Pen Set,1,201.0,0,201.0,44.22,Debit Card,Consumer
ORD-0257,2025-07-17,Jul-2025,Kolkata,East,Office Supplies,Printer Paper,4,385.0,0.2,1232.0,271.04,Net Banking,Consumer
ORD-0258,2025-03-07,Mar-2025,Pune,West,Office Supplies,Ball Pen Set,2,214.0,0.05,406.6,89.45,Debit Card,Consumer
ORD-0259,2025-04-12,Apr-2025,Bhopal,Central,Furniture,Office Chair,2,4631.0,0,9262.0,1389.3,Debit Card,Corporate
ORD-0260,2025-09-23,Sep-2025,Jaipur,North,Electronics,Bluetooth Speaker,3,1503.0,0,4509.0,811.62,Net Banking,Corporate
ORD-0261,2025-03-25,Mar-2025,Delhi,North,Furniture,Study Table,4,6774.0,0,27096.0,4064.4,Net Banking,Home Office
ORD-0262,2025-09-08,Sep-2025,Bhopal,Central,Office Supplies,Notebook Pack,3,230.0,0,690.0,151.8,UPI,Corporate
ORD-0263,2025-10-26,Oct-2025,Bengaluru,South,Accessories,Water Bottle,6,370.0,0.05,2109.0,527.25,Net Banking,Corporate
ORD-0264,2025-05-16,May-2025,Bhopal,Central,Furniture,Study Table,2,6497.0,0.05,12344.3,1851.64,Net Banking,Home Office
ORD-0265,2025-11-14,Nov-2025,Delhi,North,Electronics,Bluetooth Speaker,5,1437.0,0.05,6825.75,1228.63,UPI,Consumer
ORD-0266,2025-01-10,Jan-2025,Jaipur,North,Office Supplies,Desk Organizer,2,689.0,0,1378.0,303.16,Net Banking,Home Office
ORD-0267,2025-08-30,Aug-2025,Nagpur,West,Accessories,Backpack,1,1143.0,0,1143.0,285.75,Cash,Home Office
ORD-0268,2025-07-12,Jul-2025,Chennai,South,Electronics,Bluetooth Speaker,2,1507.0,0.05,2863.3,515.39,Debit Card,Home Office
ORD-0269,2025-09-05,Sep-2025,Hyderabad,South,Electronics,USB-C Cable,2,289.0,0.15,491.3,88.43,Debit Card,Corporate
ORD-0270,2025-12-27,Dec-2025,Hyderabad,South,Accessories,Backpack,4,1164.0,0,4656.0,1164.0,Debit Card,Corporate
ORD-0271,2025-03-04,Mar-2025,Bhopal,Central,Furniture,Bookshelf,3,3721.0,0.05,10604.85,1590.73,Debit Card,Consumer
ORD-0272,2025-05-29,May-2025,Nagpur,West,Office Supplies,Notebook Pack,7,232.0,0.15,1380.4,303.69,Debit Card,Home Office
ORD-0273,2025-09-03,Sep-2025,Hyderabad,South,Electronics,USB-C Cable,5,288.0,0.05,1368.0,246.24,Debit Card,Consumer
ORD-0274,2025-02-25,Feb-2025,Bhopal,Central,Accessories,Backpack,3,1150.0,0.1,3105.0,776.25,Net Banking,Consumer
ORD-0275,2025-11-23,Nov-2025,Hyderabad,South,Electronics,Laptop Stand,1,1264.0,0.05,1200.8,216.14,Credit Card,Consumer
ORD-0276,2025-10-09,Oct-2025,Mumbai,West,Office Supplies,Ball Pen Set,4,211.0,0.05,801.8,176.4,Credit Card,Corporate
ORD-0277,2025-06-14,Jun-2025,Bengaluru,South,Furniture,Bookshelf,1,3649.0,0.1,3284.1,492.61,Credit Card,Home Office
ORD-0278,2025-01-20,Jan-2025,Mumbai,West,Office Supplies,Ball Pen Set,6,189.0,0.15,963.9,212.06,Cash,Corporate
ORD-0279,2025-04-06,Apr-2025,Bengaluru,South,Accessories,Desk Lamp,1,870.0,0.05,826.5,206.62,Debit Card,Corporate
ORD-0280,2025-08-21,Aug-2025,Kolkata,East,Furniture,Office Chair,3,5350.0,0.15,13642.5,2046.38,Cash,Corporate
ORD-0281,2025-04-09,Apr-2025,Pune,West,Office Supplies,Desk Organizer,1,694.0,0,694.0,152.68,Credit Card,Consumer
ORD-0282,2025-06-22,Jun-2025,Bengaluru,South,Furniture,Study Table,4,6655.0,0.05,25289.0,3793.35,Cash,Corporate
ORD-0283,2025-09-21,Sep-2025,Chennai,South,Electronics,Wireless Mouse,2,747.0,0.2,1195.2,215.14,Cash,Corporate
ORD-0284,2025-05-08,May-2025,Nagpur,West,Office Supplies,Notebook Pack,2,247.0,0,494.0,108.68,Debit Card,Corporate
ORD-0285,2025-10-26,Oct-2025,Bhopal,Central,Electronics,Laptop Stand,2,1270.0,0,2540.0,457.2,UPI,Corporate
ORD-0286,2025-06-07,Jun-2025,Mumbai,West,Office Supplies,Ball Pen Set,4,212.0,0.15,720.8,158.58,Debit Card,Home Office
ORD-0287,2025-03-02,Mar-2025,Bengaluru,South,Office Supplies,Desk Organizer,3,668.0,0,2004.0,440.88,Credit Card,Corporate
ORD-0288,2025-11-07,Nov-2025,Chennai,South,Office Supplies,Ball Pen Set,4,212.0,0.1,763.2,167.9,Credit Card,Consumer
ORD-0289,2025-12-15,Dec-2025,Bhopal,Central,Accessories,Laptop Sleeve,5,702.0,0.05,3334.5,833.62,Debit Card,Consumer
ORD-0290,2025-10-16,Oct-2025,Pune,West,Electronics,Laptop Stand,5,1383.0,0,6915.0,1244.7,Net Banking,Consumer
ORD-0291,2025-03-26,Mar-2025,Chennai,South,Accessories,Laptop Sleeve,3,656.0,0,1968.0,492.0,Net Banking,Corporate
ORD-0292,2025-02-16,Feb-2025,Kolkata,East,Office Supplies,Printer Paper,5,396.0,0.05,1881.0,413.82,Cash,Home Office
ORD-0293,2025-01-30,Jan-2025,Kolkata,East,Office Supplies,Printer Paper,4,387.0,0,1548.0,340.56,Debit Card,Consumer
ORD-0294,2025-04-22,Apr-2025,Bhopal,Central,Electronics,Wireless Mouse,1,779.0,0,779.0,140.22,UPI,Consumer
ORD-0295,2025-08-30,Aug-2025,Nagpur,West,Office Supplies,Notebook Pack,2,260.0,0.1,468.0,102.96,Cash,Corporate
ORD-0296,2025-07-15,Jul-2025,Jaipur,North,Accessories,Laptop Sleeve,6,685.0,0,4110.0,1027.5,Net Banking,Consumer
ORD-0297,2025-12-01,Dec-2025,Chennai,South,Electronics,Wireless Mouse,1,804.0,0.05,763.8,137.48,Credit Card,Consumer
ORD-0298,2025-01-12,Jan-2025,Bengaluru,South,Office Supplies,Printer Paper,4,402.0,0.05,1527.6,336.07,Credit Card,Consumer
ORD-0299,2025-08-24,Aug-2025,Chennai,South,Electronics,Bluetooth Speaker,2,1604.0,0.1,2887.2,519.7,UPI,Consumer
ORD-0300,2025-12-05,Dec-2025,Delhi,North,Furniture,Study Table,4,7429.0,0,29716.0,4457.4,Credit Card,Consumer
